Date,Time,CO(GT),PT08.S1(CO),NMHC(GT),C6H6(GT),PT08.S2(NMHC),NOx(GT),PT08.S3(NOx),NO2(GT),PT08.S4(NO2),PT08.S5(O3),T,RH,AH
05/04/2004,16.00.00,2.0,1273.0,245.0,9.6,963.0,98.0,832.0,82.0,1662.0,931.0,22.2,38.3,1.0106
25/03/2004,17.00.00,2.0,1102.0,143.0,9.4,957.0,120.0,968.0,88.0,1527.0,820.0,17.1,37.4,0.7225
25/03/2004,02.00.00,0.7,902.0,38.0,1.8,568.0,38.0,1450.0,54.0,1253.0,479.0,9.1,68.1,0.789
11/04/2004,08.00.00,1.1,912.0,88.0,3.7,694.0,61.0,1196.0,58.0,1343.0,727.0,8.7,64.3,0.7267
30/04/2004,06.00.00,1.7,1206.0,111.0,9.3,949.0,162.0,818.0,90.0,1771.0,1116.0,15.9,73.1,1.3136
16/03/2004,19.00.00,3.9,1551.0,261.0,19.1,1271.0,181.0,800.0,137.0,1875.0,1432.0,21.3,34.8,0.873
06/04/2004,21.00.00,1.8,1095.0,227.0,8.5,918.0,91.0,896.0,90.0,1527.0,800.0,15.7,49.4,0.8768
26/04/2004,16.00.00,1.5,984.0,133.0,6.4,832.0,91.0,1034.0,81.0,1410.0,636.0,20.0,32.7,0.7545
06/04/2004,00.00.00,1.0,1015.0,101.0,4.1,718.0,61.0,1065.0,71.0,1428.0,714.0,16.6,55.4,1.0408
12/03/2004,16.00.00,2.8,1309.0,165.0,12.7,1073.0,178.0,954.0,120.0,1657.0,1112.0,15.9,37.2,0.6657
10/04/2004,04.00.00,0.8,898.0,69.0,3.3,669.0,46.0,1163.0,52.0,1386.0,807.0,10.8,70.3,0.9092
15/03/2004,17.00.00,2.8,1445.0,214.0,14.8,1141.0,156.0,857.0,110.0,1824.0,1252.0,23.8,31.3,0.9137
26/04/2004,07.00.00,1.9,1053.0,155.0,7.5,880.0,116.0,982.0,91.0,1464.0,786.0,14.4,43.6,0.7113
13/03/2004,09.00.00,3.7,1408.0,239.0,15.1,1153.0,295.0,830.0,119.0,1777.0,1411.0,9.6,59.7,0.7124
27/04/2004,08.00.00,4.6,1461.0,633.0,23.8,1398.0,240.0,630.0,129.0,2050.0,1628.0,18.1,40.3,0.8294
28/03/2004,07.00.00,1.4,995.0,72.0,3.6,691.0,91.0,1219.0,69.0,1321.0,836.0,7.4,68.0,0.7043
03/04/2004,08.00.00,3.0,1436.0,451.0,15.2,1154.0,203.0,704.0,96.0,1872.0,1391.0,15.1,55.8,0.9486
11/03/2004,20.00.00,6.1,1640.0,401.0,24.0,1404.0,351.0,743.0,165.0,2191.0,1654.0,9.6,67.8,0.8133
28/03/2004,11.00.00,2.3,1210.0,188.0,9.5,958.0,126.0,933.0,96.0,1514.0,1036.0,19.2,31.3,0.6887
31/03/2004,12.00.00,2.9,1430.0,332.0,11.3,1025.0,204.0,779.0,123.0,1772.0,1166.0,12.3,73.3,1.0442
06/04/2004,12.00.00,2.6,1369.0,304.0,14.5,1132.0,136.0,715.0,91.0,1818.0,1162.0,20.9,36.6,0.8939
13/03/2004,02.00.00,1.6,1184.0,43.0,5.4,782.0,83.0,1176.0,82.0,1365.0,1043.0,8.8,63.9,0.7256
28/04/2004,19.00.00,5.4,1724.0,816.0,28.3,1510.0,222.0,562.0,155.0,2252.0,1716.0,23.1,42.2,1.1746
27/04/2004,23.00.00,2.0,1133.0,203.0,10.9,1012.0,111.0,806.0,108.0,1608.0,1054.0,17.9,43.5,0.884
27/03/2004,00.00.00,1.5,1021.0,77.0,5.2,776.0,94.0,1144.0,87.0,1307.0,753.0,9.4,53.4,0.63
01/04/2004,04.00.00,0.7,909.0,44.0,2.4,615.0,57.0,1237.0,49.0,1322.0,790.0,10.2,66.6,0.8299
12/04/2004,21.00.00,0.8,904.0,56.0,2.7,635.0,66.0,1269.0,74.0,1233.0,489.0,10.6,56.1,0.7149
11/04/2004,13.00.00,1.1,894.0,66.0,4.0,710.0,61.0,1209.0,70.0,1200.0,611.0,22.3,22.4,0.5955
13/04/2004,10.00.00,1.6,1020.0,144.0,7.3,871.0,133.0,956.0,93.0,1426.0,911.0,12.6,50.8,0.7387
11/03/2004,14.00.00,2.9,1371.0,164.0,11.5,1034.0,207.0,983.0,128.0,1730.0,1037.0,8.0,81.1,0.8736
14/04/2004,01.00.00,0.9,936.0,85.0,3.9,705.0,73.0,1086.0,73.0,1364.0,918.0,10.9,64.6,0.8395
06/04/2004,16.00.00,1.9,1143.0,226.0,10.3,988.0,109.0,849.0,98.0,1590.0,710.0,18.8,36.8,0.7883
14/03/2004,14.00.00,1.8,1207.0,84.0,7.5,879.0,103.0,1104.0,102.0,1490.0,872.0,21.4,30.2,0.7616
13/03/2004,14.00.00,2.0,1207.0,112.0,8.6,924.0,118.0,1088.0,102.0,1488.0,850.0,18.0,34.8,0.7127
07/04/2004,15.00.00,1.9,1177.0,117.0,7.5,880.0,146.0,927.0,104.0,1552.0,776.0,10.9,76.4,0.9953
13/04/2004,04.00.00,0.3,825.0,47.0,0.9,489.0,21.0,1565.0,28.0,1171.0,363.0,11.1,60.1,0.7925
01/04/2004,22.00.00,2.0,1186.0,188.0,9.9,976.0,127.0,844.0,113.0,1570.0,1200.0,15.8,48.0,0.8569
06/04/2004,23.00.00,1.1,1012.0,94.0,4.8,752.0,66.0,1053.0,74.0,1393.0,649.0,15.7,47.0,0.8325
23/03/2004,09.00.00,3.8,1498.0,535.0,21.0,1325.0,244.0,684.0,132.0,2095.0,1329.0,11.2,69.7,0.9232
29/03/2004,18.00.00,2.5,1173.0,299.0,10.2,985.0,126.0,905.0,114.0,1477.0,802.0,16.1,31.3,0.568
10/04/2004,09.00.00,2.0,1112.0,157.0,8.8,931.0,124.0,869.0,84.0,1588.0,1011.0,15.0,53.1,0.8993
25/03/2004,06.00.00,0.6,893.0,46.0,1.4,540.0,43.0,1604.0,51.0,1268.0,413.0,7.6,83.2,0.8695
05/04/2004,22.00.00,1.7,1196.0,160.0,7.7,885.0,85.0,884.0,89.0,1589.0,973.0,17.4,51.8,1.023
07/04/2004,21.00.00,1.2,956.0,62.0,3.2,666.0,62.0,1235.0,71.0,1282.0,518.0,9.8,71.8,0.8702
30/03/2004,00.00.00,1.0,899.0,33.0,2.6,630.0,57.0,1418.0,76.0,1050.0,425.0,13.1,26.8,0.4023
30/03/2004,12.00.00,3.7,1419.0,586.0,18.9,1267.0,219.0,742.0,138.0,1763.0,1490.0,20.8,22.5,0.5463
24/04/2004,15.00.00,1.7,1223.0,192.0,9.0,938.0,91.0,884.0,89.0,1610.0,880.0,25.6,36.0,1.1629
10/04/2004,02.00.00,1.7,1074.0,102.0,6.4,832.0,101.0,951.0,75.0,1507.0,980.0,11.4,69.8,0.939
23/03/2004,01.00.00,0.8,969.0,48.0,2.7,636.0,47.0,1271.0,64.0,1309.0,684.0,14.0,51.3,0.8163
16/04/2004,08.00.00,4.1,1406.0,546.0,18.7,1258.0,279.0,636.0,116.0,1890.0,1495.0,13.8,61.1,0.9595
01/04/2004,00.00.00,1.6,1143.0,106.0,6.3,825.0,96.0,986.0,86.0,1477.0,978.0,12.0,61.6,0.8593
18/03/2004,06.00.00,0.7,938.0,26.0,3.0,650.0,68.0,1251.0,71.0,1333.0,893.0,10.9,62.1,0.8113
26/03/2004,08.00.00,3.4,1351.0,375.0,16.7,1201.0,239.0,783.0,110.0,1828.0,1307.0,9.8,59.6,0.7214
11/04/2004,02.00.00,1.0,949.0,62.0,3.7,694.0,61.0,1160.0,68.0,1310.0,772.0,9.3,64.3,0.7531
26/04/2004,18.00.00,3.2,1181.0,405.0,13.9,1114.0,147.0,787.0,119.0,1685.0,1032.0,18.3,35.9,0.7501
14/03/2004,05.00.00,1.2,1062.0,32.0,3.7,691.0,53.0,1272.0,70.0,1377.0,929.0,11.5,63.1,0.8533
08/04/2004,11.00.00,2.4,1223.0,308.0,12.7,1075.0,164.0,818.0,112.0,1678.0,1198.0,19.3,34.2,0.7566
29/04/2004,06.00.00,1.5,1097.0,148.0,9.4,956.0,139.0,827.0,68.0,1620.0,1047.0,12.9,66.5,0.9846
15/03/2004,13.00.00,2.9,1417.0,207.0,14.9,1146.0,171.0,830.0,119.0,1831.0,1404.0,23.3,32.2,0.9096
15/03/2004,23.00.00,1.4,1142.0,67.0,6.9,852.0,89.0,1008.0,101.0,1547.0,1164.0,15.3,61.4,1.058
25/04/2004,01.00.00,1.3,984.0,70.0,3.9,707.0,71.0,1131.0,73.0,1359.0,494.0,12.4,64.1,0.9209
14/03/2004,23.00.00,2.2,1349.0,79.0,8.8,933.0,152.0,933.0,119.0,1617.0,1349.0,14.7,55.9,0.9314
28/04/2004,02.00.00,0.6,892.0,51.0,2.8,639.0,41.0,1139.0,64.0,1359.0,803.0,16.5,50.1,0.9331
14/03/2004,20.00.00,5.9,1898.0,341.0,23.1,1381.0,325.0,681.0,173.0,2103.0,1905.0,17.6,46.1,0.921
06/04/2004,06.00.00,1.7,1236.0,120.0,8.5,920.0,164.0,880.0,94.0,1641.0,1012.0,14.4,58.9,0.9594
28/04/2004,00.00.00,1.3,1055.0,101.0,8.0,899.0,72.0,880.0,83.0,1504.0,980.0,17.4,46.3,0.9112
30/04/2004,02.00.00,1.2,1097.0,91.0,5.9,809.0,80.0,897.0,74.0,1628.0,1050.0,15.7,78.4,1.3917
08/04/2004,21.00.00,1.6,1045.0,138.0,7.0,857.0,92.0,968.0,93.0,1410.0,922.0,15.3,41.5,0.7194
10/04/2004,05.00.00,1.0,970.0,89.0,4.0,708.0,81.0,1121.0,55.0,1435.0,842.0,10.2,73.4,0.9129
15/03/2004,01.00.00,1.8,1239.0,73.0,6.9,853.0,106.0,1010.0,93.0,1543.0,1174.0,14.0,57.0,0.9094
11/03/2004,07.00.00,1.1,1144.0,29.0,3.2,667.0,98.0,1490.0,82.0,1339.0,730.0,10.2,59.6,0.7417
31/03/2004,14.00.00,2.6,1349.0,295.0,11.2,1023.0,171.0,804.0,114.0,1748.0,1054.0,13.6,69.2,1.0746
12/03/2004,18.00.00,3.9,1510.0,233.0,19.3,1277.0,206.0,812.0,149.0,1910.0,1410.0,15.1,39.6,0.6766
12/03/2004,17.00.00,2.4,1274.0,133.0,11.7,1041.0,150.0,1006.0,119.0,1610.0,994.0,16.9,34.3,0.6549
22/03/2004,16.00.00,2.3,1076.0,451.0,11.6,1034.0,150.0,964.0,101.0,1544.0,813.0,21.3,24.2,0.606
26/04/2004,11.00.00,1.3,917.0,101.0,5.2,772.0,98.0,1098.0,78.0,1311.0,605.0,18.8,31.7,0.6821
08/04/2004,07.00.00,2.6,1274.0,226.0,13.8,1109.0,161.0,820.0,80.0,1723.0,1138.0,8.1,70.5,0.7627
16/04/2004,07.00.00,4.5,1657.0,523.0,23.2,1384.0,352.0,579.0,109.0,2176.0,1600.0,12.8,71.0,1.0428
05/04/2004,10.00.00,3.1,1461.0,424.0,14.3,1127.0,236.0,703.0,124.0,1836.0,1451.0,15.6,57.4,1.0075
23/03/2004,05.00.00,0.3,834.0,19.0,0.6,459.0,13.0,1908.0,22.0,1212.0,361.0,8.8,80.5,0.9147
11/04/2004,16.00.00,1.0,892.0,66.0,3.2,665.0,55.0,1348.0,58.0,1150.0,394.0,21.0,23.6,0.5788
23/04/2004,20.00.00,4.6,1482.0,692.0,20.8,1319.0,230.0,660.0,146.0,1975.0,1703.0,21.5,40.8,1.0333
23/03/2004,02.00.00,0.7,941.0,47.0,2.5,621.0,51.0,1298.0,70.0,1330.0,714.0,13.0,56.8,0.8444
12/04/2004,16.00.00,1.4,1035.0,69.0,3.1,660.0,96.0,1222.0,82.0,1301.0,533.0,9.9,70.5,0.8581
23/04/2004,21.00.00,1.8,1211.0,145.0,10.9,1010.0,98.0,816.0,98.0,1619.0,1246.0,20.5,41.5,0.9864
26/03/2004,17.00.00,2.3,1180.0,247.0,11.2,1023.0,127.0,886.0,102.0,1588.0,966.0,14.2,43.3,0.6982
16/04/2004,15.00.00,4.0,1485.0,449.0,17.5,1223.0,242.0,650.0,126.0,1980.0,1302.0,14.4,77.4,1.2654
30/03/2004,05.00.00,0.7,956.0,26.0,2.3,605.0,52.0,1341.0,71.0,1117.0,691.0,12.9,33.9,0.5037
08/04/2004,02.00.00,1.1,965.0,83.0,4.1,716.0,56.0,1087.0,72.0,1383.0,827.0,8.2,79.6,0.8672
11/03/2004,11.00.00,1.5,1179.0,43.0,5.0,762.0,95.0,1328.0,92.0,1362.0,671.0,10.5,57.9,0.7352
10/03/2004,21.00.00,2.2,1376.0,80.0,9.2,948.0,172.0,1092.0,122.0,1584.0,1203.0,11.0,60.0,0.7867
02/04/2004,22.00.00,1.9,1287.0,245.0,10.1,982.0,115.0,841.0,124.0,1582.0,1291.0,17.8,47.0,0.9467
26/03/2004,16.00.00,1.9,1093.0,143.0,8.8,933.0,112.0,976.0,87.0,1454.0,777.0,13.4,41.0,0.6292
16/04/2004,04.00.00,1.0,1033.0,70.0,3.6,686.0,63.0,1030.0,69.0,1420.0,948.0,11.9,74.8,1.038
24/04/2004,09.00.00,3.0,1409.0,415.0,15.6,1169.0,188.0,685.0,105.0,1874.0,1459.0,20.0,45.0,1.039
30/03/2004,22.00.00,1.2,1053.0,68.0,3.8,701.0,68.0,1147.0,81.0,1323.0,692.0,15.1,44.6,0.7574
10/04/2004,22.00.00,2.9,1247.0,248.0,11.6,1037.0,187.0,812.0,125.0,1618.0,1193.0,12.3,55.5,0.7916
05/04/2004,15.00.00,2.1,1327.0,256.0,9.8,971.0,124.0,803.0,89.0,1705.0,1120.0,21.6,41.7,1.0606
27/04/2004,20.00.00,3.6,1295.0,555.0,18.9,1266.0,181.0,716.0,137.0,1849.0,1359.0,21.5,34.5,0.8746
31/03/2004,04.00.00,0.5,851.0,18.0,0.8,477.0,15.0,1699.0,26.0,1064.0,343.0,14.5,36.1,0.5928
29/03/2004,16.00.00,1.5,1012.0,128.0,5.8,801.0,94.0,1098.0,90.0,1289.0,525.0,18.0,27.1,0.5522
29/04/2004,12.00.00,2.0,1167.0,190.0,14.4,1128.0,104.0,829.0,89.0,1716.0,1040.0,25.6,25.5,0.8234
11/03/2004,05.00.00,0.7,1066.0,8.0,1.1,512.0,16.0,1918.0,28.0,1182.0,422.0,11.0,56.2,0.7366
26/03/2004,09.00.00,3.8,1408.0,592.0,19.3,1278.0,275.0,682.0,114.0,1928.0,1481.0,11.2,57.0,0.7544
11/03/2004,18.00.00,4.8,1581.0,307.0,20.8,1319.0,281.0,799.0,151.0,2083.0,1409.0,10.3,64.2,0.8065
25/03/2004,04.00.00,0.5,858.0,29.0,0.9,490.0,18.0,1707.0,28.0,1212.0,378.0,9.3,72.3,0.8496
28/04/2004,09.00.00,4.6,1592.0,658.0,24.7,1423.0,322.0,577.0,146.0,2155.0,2108.0,19.3,46.4,1.0248
25/04/2004,20.00.00,2.5,1085.0,204.0,8.2,907.0,133.0,976.0,101.0,1419.0,893.0,16.6,34.0,0.6353
30/04/2004,09.00.00,3.3,1381.0,344.0,16.6,1199.0,209.0,685.0,117.0,1970.0,1365.0,17.6,65.0,1.2945
29/04/2004,13.00.00,3.8,1398.0,516.0,22.3,1360.0,205.0,656.0,129.0,2037.0,1439.0,24.9,29.9,0.9325
30/03/2004,10.00.00,4.7,1565.0,735.0,21.0,1324.0,320.0,695.0,159.0,1872.0,1688.0,17.9,28.2,0.5741
24/04/2004,22.00.00,1.1,1007.0,64.0,3.0,650.0,53.0,1157.0,54.0,1404.0,528.0,12.9,79.7,1.1774
24/03/2004,08.00.00,3.1,1383.0,245.0,13.8,1109.0,174.0,832.0,97.0,1706.0,1173.0,11.0,57.3,0.7501
25/03/2004,20.00.00,4.6,1389.0,698.0,21.6,1341.0,231.0,692.0,133.0,1982.0,1488.0,12.6,52.5,0.7642
15/03/2004,00.00.00,1.8,1239.0,66.0,7.4,872.0,104.0,985.0,99.0,1547.0,1250.0,14.8,54.7,0.9164
07/04/2004,13.00.00,1.8,1109.0,151.0,9.1,943.0,115.0,883.0,103.0,1604.0,767.0,18.1,42.2,0.8679
17/04/2004,02.00.00,1.9,1100.0,134.0,6.4,829.0,103.0,887.0,83.0,1565.0,972.0,12.7,81.2,1.1849
10/04/2004,16.00.00,1.5,943.0,132.0,6.8,850.0,92.0,1084.0,91.0,1296.0,544.0,22.1,21.3,0.5605
27/03/2004,22.00.00,1.6,1108.0,125.0,6.8,848.0,102.0,1023.0,96.0,1421.0,1003.0,11.8,50.8,0.7042
23/03/2004,11.00.00,3.0,1308.0,325.0,15.5,1166.0,220.0,792.0,131.0,1794.0,1236.0,12.8,55.8,0.821
23/04/2004,22.00.00,2.2,1294.0,208.0,13.0,1083.0,121.0,770.0,108.0,1687.0,1321.0,19.2,44.9,0.9875
02/04/2004,17.00.00,3.7,1382.0,588.0,19.7,1288.0,185.0,778.0,138.0,1799.0,1212.0,26.9,22.3,0.7792
17/03/2004,18.00.00,5.0,1557.0,386.0,27.0,1478.0,299.0,793.0,158.0,1981.0,1569.0,25.9,16.0,0.5237
14/03/2004,06.00.00,1.0,1076.0,29.0,2.5,618.0,44.0,1395.0,63.0,1333.0,872.0,11.6,62.2,0.8473
28/04/2004,22.00.00,1.4,1146.0,156.0,8.6,923.0,79.0,845.0,96.0,1575.0,1166.0,19.6,49.8,1.1221
10/04/2004,07.00.00,1.7,1081.0,157.0,8.2,906.0,150.0,895.0,72.0,1591.0,1024.0,11.0,71.0,0.9279
27/03/2004,15.00.00,1.9,1046.0,150.0,7.6,883.0,113.0,1051.0,101.0,1357.0,765.0,17.8,28.4,0.5737
13/03/2004,21.00.00,4.2,1621.0,269.0,18.3,1247.0,283.0,762.0,159.0,1860.0,1886.0,15.3,46.8,0.8091
10/04/2004,21.00.00,2.0,1110.0,168.0,8.2,909.0,125.0,916.0,115.0,1487.0,984.0,13.2,50.3,0.7577
23/03/2004,15.00.00,1.9,1112.0,136.0,10.1,980.0,131.0,924.0,99.0,1589.0,900.0,14.1,49.8,0.7971
27/03/2004,09.00.00,1.8,1163.0,128.0,8.5,919.0,128.0,922.0,84.0,1530.0,1076.0,11.1,50.5,0.6654
10/04/2004,12.00.00,1.8,1032.0,166.0,7.8,892.0,101.0,973.0,87.0,1457.0,756.0,20.6,30.0,0.7213
25/03/2004,19.00.00,5.2,1443.0,797.0,24.6,1418.0,253.0,666.0,141.0,2060.0,1454.0,13.4,47.8,0.7293
14/03/2004,19.00.00,4.6,1808.0,262.0,20.6,1312.0,261.0,753.0,157.0,1993.0,1698.0,18.4,41.7,0.8732
25/04/2004,11.00.00,0.9,862.0,71.0,2.7,635.0,58.0,1320.0,58.0,1193.0,393.0,17.2,35.0,0.6789
16/03/2004,02.00.00,0.8,968.0,29.0,2.8,640.0,43.0,1320.0,61.0,1386.0,867.0,14.8,59.2,0.9879
16/03/2004,12.00.00,3.3,1452.0,283.0,18.3,1250.0,217.0,776.0,154.0,1868.0,1583.0,24.4,27.4,0.8231
29/04/2004,09.00.00,3.5,1408.0,475.0,18.0,1241.0,250.0,648.0,135.0,1886.0,1711.0,18.6,47.8,1.0143
28/03/2004,04.00.00,1.3,1010.0,96.0,5.1,769.0,77.0,1110.0,69.0,1396.0,895.0,8.3,64.9,0.7124
25/03/2004,21.00.00,2.5,1183.0,234.0,10.3,989.0,150.0,904.0,119.0,1539.0,1205.0,12.2,53.2,0.7555
10/03/2004,18.00.00,2.6,1360.0,150.0,11.9,1046.0,166.0,1056.0,113.0,1692.0,1268.0,13.6,48.9,0.7578
30/04/2004,16.00.00,4.0,1524.0,365.0,18.0,1239.0,210.0,644.0,114.0,2139.0,1404.0,20.9,60.8,1.4852
11/04/2004,17.00.00,1.2,935.0,65.0,3.3,672.0,65.0,1299.0,61.0,1183.0,415.0,19.6,27.4,0.6162
26/04/2004,08.00.00,2.1,1033.0,235.0,8.9,934.0,134.0,917.0,89.0,1490.0,844.0,15.0,41.7,0.7093
10/04/2004,14.00.00,1.3,883.0,108.0,5.1,766.0,90.0,1152.0,81.0,1238.0,498.0,19.8,23.1,0.5283
07/04/2004,19.00.00,3.1,1262.0,345.0,14.5,1133.0,157.0,774.0,129.0,1748.0,1033.0,11.3,71.3,0.9514
27/03/2004,16.00.00,2.2,1147.0,188.0,11.8,1042.0,122.0,934.0,108.0,1538.0,830.0,18.7,26.0,0.5555
16/04/2004,18.00.00,5.2,1529.0,575.0,20.4,1309.0,270.0,627.0,141.0,2083.0,1385.0,14.0,76.3,1.2166
16/03/2004,01.00.00,1.2,1074.0,49.0,5.4,784.0,79.0,1098.0,88.0,1483.0,1040.0,14.8,60.6,1.0148
25/03/2004,11.00.00,1.6,1066.0,116.0,6.8,849.0,130.0,1039.0,98.0,1468.0,829.0,11.0,64.4,0.8447
13/04/2004,07.00.00,3.9,1496.0,524.0,19.1,1272.0,328.0,667.0,130.0,2011.0,1399.0,11.0,64.2,0.8398
05/04/2004,18.00.00,4.1,1543.0,710.0,19.8,1290.0,194.0,631.0,132.0,2011.0,1353.0,19.7,45.4,1.0312
06/04/2004,10.00.00,2.9,1329.0,470.0,14.1,1119.0,182.0,707.0,107.0,1823.0,1288.0,19.6,41.8,0.9407
27/03/2004,12.00.00,1.9,1071.0,176.0,9.0,940.0,111.0,994.0,93.0,1449.0,756.0,17.6,30.1,0.6013
29/03/2004,10.00.00,1.5,975.0,97.0,5.6,793.0,119.0,1133.0,97.0,1254.0,637.0,13.9,33.2,0.5222
12/04/2004,14.00.00,0.7,917.0,42.0,1.7,563.0,58.0,1415.0,60.0,1257.0,423.0,10.7,67.6,0.8703
17/03/2004,09.00.00,6.6,1852.0,534.0,36.4,1696.0,377.0,553.0,127.0,2535.0,1931.0,14.1,50.0,0.802
13/04/2004,18.00.00,4.6,1442.0,669.0,21.5,1337.0,243.0,630.0,134.0,2004.0,1523.0,15.3,46.8,0.8074
24/04/2004,01.00.00,2.6,1349.0,251.0,13.4,1097.0,148.0,707.0,100.0,1763.0,1442.0,16.1,57.4,1.0451
27/04/2004,16.00.00,2.2,1145.0,259.0,12.5,1066.0,120.0,903.0,99.0,1592.0,885.0,27.2,22.1,0.7811
14/04/2004,02.00.00,0.7,900.0,66.0,2.7,635.0,47.0,1207.0,60.0,1307.0,836.0,11.1,63.2,0.8331
31/03/2004,16.00.00,2.3,1224.0,278.0,10.1,980.0,152.0,850.0,111.0,1637.0,1055.0,15.7,50.9,0.8997
27/03/2004,06.00.00,0.9,935.0,25.0,2.4,615.0,54.0,1373.0,59.0,1250.0,717.0,6.3,66.6,0.641
13/04/2004,08.00.00,4.5,1452.0,657.0,22.1,1354.0,282.0,620.0,128.0,2057.0,1501.0,12.0,58.1,0.8138
28/03/2004,22.00.00,1.1,960.0,65.0,3.2,666.0,63.0,1266.0,80.0,1224.0,544.0,11.9,46.5,0.6449
29/03/2004,01.00.00,0.6,818.0,27.0,1.3,524.0,21.0,1588.0,31.0,1071.0,341.0,10.7,45.8,0.5895
08/04/2004,20.00.00,4.3,1319.0,544.0,15.8,1172.0,232.0,746.0,136.0,1699.0,1425.0,15.8,39.8,0.7096
12/03/2004,21.00.00,4.4,1598.0,333.0,20.1,1299.0,274.0,752.0,149.0,1941.0,1627.0,12.1,53.3,0.7536
30/03/2004,19.00.00,2.7,1334.0,301.0,11.9,1047.0,129.0,815.0,106.0,1638.0,1038.0,15.9,42.0,0.7541
31/03/2004,18.00.00,2.8,1312.0,322.0,11.8,1041.0,121.0,821.0,103.0,1712.0,1073.0,15.5,50.8,0.8881
24/04/2004,05.00.00,0.7,933.0,65.0,3.7,697.0,71.0,1045.0,65.0,1403.0,937.0,14.8,57.7,0.9644
26/03/2004,21.00.00,1.5,1001.0,97.0,6.0,811.0,99.0,1097.0,91.0,1308.0,778.0,9.8,50.8,0.6172
23/03/2004,22.00.00,1.3,1000.0,81.0,5.3,776.0,81.0,1141.0,96.0,1375.0,896.0,12.0,54.9,0.7664
01/05/2004,00.00.00,3.5,1425.0,275.0,15.2,1155.0,185.0,709.0,110.0,1936.0,1789.0,17.8,66.8,1.346
24/04/2004,23.00.00,1.3,1004.0,71.0,3.2,667.0,68.0,1157.0,69.0,1365.0,492.0,11.5,76.9,1.0436
15/03/2004,16.00.00,2.3,1318.0,141.0,11.5,1033.0,143.0,950.0,99.0,1675.0,1068.0,24.4,29.4,0.8848
13/03/2004,12.00.00,3.6,1451.0,210.0,14.0,1117.0,239.0,875.0,161.0,1679.0,1387.0,18.4,33.8,0.709
15/04/2004,14.00.00,4.0,1418.0,542.0,19.5,1282.0,231.0,681.0,129.0,1890.0,1418.0,19.2,35.7,0.7826
06/04/2004,15.00.00,1.9,1096.0,220.0,9.2,947.0,115.0,872.0,113.0,1519.0,684.0,18.6,36.9,0.7829
15/03/2004,09.00.00,8.1,1961.0,618.0,36.7,1701.0,478.0,537.0,149.0,2665.0,2184.0,14.8,54.3,0.9076
08/04/2004,09.00.00,4.2,1435.0,585.0,19.1,1271.0,300.0,676.0,130.0,1885.0,1569.0,13.0,54.2,0.809
27/04/2004,07.00.00,4.1,1518.0,584.0,23.4,1389.0,314.0,589.0,122.0,2101.0,1703.0,15.9,48.5,0.8704
14/04/2004,00.00.00,1.1,1047.0,74.0,4.9,760.0,64.0,1032.0,74.0,1379.0,1003.0,11.5,61.4,0.8303
23/04/2004,12.00.00,3.3,1349.0,541.0,20.1,1299.0,179.0,728.0,142.0,1838.0,1402.0,29.7,20.6,0.8478
23/03/2004,06.00.00,0.5,909.0,26.0,1.8,567.0,33.0,1542.0,47.0,1287.0,418.0,9.6,75.4,0.9004
28/03/2004,19.00.00,1.9,1114.0,155.0,6.2,823.0,93.0,1068.0,94.0,1357.0,671.0,14.1,40.2,0.6438
06/04/2004,04.00.00,0.5,908.0,39.0,1.8,569.0,24.0,1303.0,35.0,1360.0,526.0,14.1,61.6,0.9883
08/04/2004,08.00.00,5.1,1512.0,802.0,27.1,1482.0,308.0,596.0,118.0,2189.0,1605.0,9.9,64.3,0.7859
29/04/2004,17.00.00,4.9,1560.0,651.0,24.8,1424.0,247.0,579.0,143.0,2176.0,1688.0,20.8,45.3,1.1016
17/03/2004,14.00.00,2.6,1389.0,152.0,13.7,1108.0,161.0,887.0,123.0,1712.0,1334.0,25.9,25.9,0.8503
16/03/2004,11.00.00,4.1,1571.0,327.0,20.0,1297.0,314.0,730.0,162.0,1973.0,1729.0,21.4,33.3,0.8417
23/04/2004,07.00.00,4.0,1490.0,452.0,22.6,1368.0,244.0,627.0,95.0,2119.0,1541.0,14.0,58.0,0.9202
26/04/2004,21.00.00,1.6,1017.0,99.0,6.7,842.0,89.0,1000.0,101.0,1441.0,846.0,17.3,38.8,0.7596
23/03/2004,12.00.00,2.7,1209.0,267.0,13.4,1097.0,207.0,837.0,129.0,1746.0,1147.0,13.1,54.8,0.8234
12/04/2004,04.00.00,0.3,753.0,9.0,0.7,462.0,16.0,1822.0,25.0,955.0,274.0,13.9,30.9,0.4868
13/03/2004,01.00.00,1.9,1196.0,67.0,7.4,873.0,139.0,1071.0,97.0,1463.0,1144.0,9.1,63.9,0.7423
07/04/2004,22.00.00,1.3,1020.0,70.0,4.3,727.0,81.0,1153.0,85.0,1391.0,631.0,9.3,75.2,0.8796
06/04/2004,05.00.00,0.8,980.0,62.0,3.4,677.0,73.0,1141.0,64.0,1435.0,659.0,14.6,58.8,0.9711
30/04/2004,14.00.00,2.6,1310.0,210.0,15.4,1160.0,153.0,695.0,94.0,1939.0,1224.0,21.4,50.9,1.2823
13/04/2004,16.00.00,1.7,1061.0,149.0,7.7,887.0,110.0,920.0,88.0,1462.0,869.0,16.3,41.8,0.7712
29/03/2004,13.00.00,1.6,1010.0,146.0,6.5,833.0,91.0,1070.0,83.0,1332.0,561.0,17.5,27.9,0.5517
30/03/2004,23.00.00,1.5,1098.0,101.0,4.7,747.0,80.0,1094.0,91.0,1360.0,764.0,14.9,43.5,0.7302
28/04/2004,07.00.00,5.5,1689.0,754.0,30.4,1560.0,321.0,529.0,104.0,2396.0,1736.0,15.0,58.3,0.9876
17/03/2004,07.00.00,1.6,1173.0,84.0,7.5,878.0,160.0,1038.0,84.0,1556.0,1052.0,9.9,65.2,0.7956
31/03/2004,17.00.00,2.4,1253.0,263.0,11.3,1026.0,128.0,810.0,103.0,1681.0,1048.0,15.2,52.9,0.9087
17/03/2004,06.00.00,0.5,891.0,18.0,1.9,576.0,46.0,1417.0,53.0,1289.0,733.0,11.9,57.4,0.7978
02/04/2004,02.00.00,1.0,954.0,68.0,3.2,667.0,58.0,1180.0,60.0,1350.0,718.0,13.3,60.9,0.9229
26/03/2004,23.00.00,1.1,972.0,60.0,4.1,715.0,66.0,1237.0,74.0,1258.0,644.0,9.9,50.2,0.6103
29/03/2004,12.00.00,1.4,971.0,91.0,5.5,786.0,92.0,1129.0,78.0,1272.0,546.0,16.5,29.0,0.5406
11/03/2004,15.00.00,2.2,1310.0,79.0,8.8,933.0,184.0,1082.0,126.0,1647.0,946.0,8.3,79.8,0.8778
22/03/2004,21.00.00,3.3,1279.0,325.0,14.5,1131.0,180.0,775.0,124.0,1758.0,1243.0,14.5,49.7,0.8177
25/04/2004,22.00.00,2.8,1126.0,347.0,13.0,1083.0,116.0,875.0,93.0,1654.0,955.0,14.8,39.5,0.6595
29/03/2004,04.00.00,0.6,864.0,21.0,1.2,516.0,39.0,1496.0,59.0,1153.0,502.0,11.3,46.9,0.628
01/04/2004,17.00.00,3.3,1308.0,388.0,16.4,1193.0,163.0,793.0,106.0,1193.0,1187.0,23.6,27.5,0.7913
28/04/2004,13.00.00,2.4,1311.0,293.0,15.7,1170.0,119.0,748.0,108.0,1787.0,1219.0,28.1,26.9,1.0094
11/03/2004,08.00.00,2.0,1333.0,64.0,8.0,900.0,174.0,1136.0,112.0,1517.0,1102.0,10.8,57.4,0.7408
02/04/2004,12.00.00,3.1,1341.0,454.0,15.9,1176.0,167.0,748.0,135.0,1825.0,1347.0,22.9,33.8,0.9322
02/04/2004,13.00.00,3.0,1297.0,461.0,16.1,1183.0,159.0,765.0,130.0,1773.0,1242.0,23.6,31.3,0.9001
28/03/2004,20.00.00,1.8,1093.0,115.0,5.5,789.0,105.0,1102.0,103.0,1329.0,788.0,13.4,43.2,0.6623
31/03/2004,00.00.00,1.3,1029.0,81.0,3.8,702.0,68.0,1180.0,82.0,1287.0,639.0,14.8,41.0,0.685
11/03/2004,21.00.00,3.9,1313.0,197.0,12.8,1076.0,240.0,957.0,136.0,1707.0,1285.0,9.1,64.0,0.7419
15/04/2004,12.00.00,3.9,1392.0,597.0,17.0,1210.0,257.0,689.0,135.0,1792.0,1559.0,18.4,36.9,0.7758
22/03/2004,18.00.00,3.8,1407.0,426.0,18.3,1249.0,213.0,720.0,129.0,1932.0,1276.0,17.0,43.1,0.8264
12/03/2004,13.00.00,2.5,1252.0,140.0,11.0,1016.0,160.0,1008.0,116.0,1593.0,983.0,16.1,34.5,0.6262
23/03/2004,00.00.00,0.9,982.0,73.0,3.8,700.0,53.0,1204.0,72.0,1359.0,735.0,13.8,51.4,0.8071
26/03/2004,05.00.00,0.8,952.0,52.0,3.0,654.0,72.0,1210.0,73.0,1312.0,832.0,7.7,72.4,0.7655
28/03/2004,13.00.00,1.4,995.0,103.0,5.7,796.0,66.0,1159.0,72.0,1287.0,587.0,21.2,23.1,0.5768
24/04/2004,19.00.00,3.5,1567.0,467.0,19.4,1280.0,177.0,661.0,134.0,1970.0,1476.0,23.4,39.7,1.1276
02/04/2004,21.00.00,3.0,1374.0,415.0,14.1,1121.0,180.0,771.0,146.0,1685.0,1399.0,18.5,43.0,0.9074
15/04/2004,19.00.00,7.3,1875.0,1189.0,33.7,1637.0,351.0,482.0,158.0,2446.0,2086.0,17.4,47.8,0.9392
27/03/2004,10.00.00,2.1,1167.0,184.0,9.7,966.0,129.0,942.0,93.0,1520.0,1016.0,15.5,36.1,0.6313
07/04/2004,09.00.00,2.3,1150.0,211.0,8.6,925.0,152.0,865.0,116.0,1576.0,820.0,13.6,61.4,0.9519
16/04/2004,05.00.00,1.2,1075.0,93.0,5.4,782.0,97.0,941.0,77.0,1505.0,988.0,11.6,76.4,1.0415
17/03/2004,19.00.00,7.6,1973.0,577.0,38.4,1737.0,411.0,617.0,194.0,2414.0,2306.0,23.1,26.5,0.7403
16/03/2004,13.00.00,4.0,1579.0,366.0,22.3,1359.0,252.0,724.0,161.0,1998.0,1671.0,25.3,26.1,0.8264
06/04/2004,08.00.00,6.2,1757.0,1084.0,33.7,1636.0,302.0,494.0,129.0,2560.0,1806.0,16.2,52.5,0.9576
13/04/2004,12.00.00,1.6,1020.0,140.0,7.2,866.0,116.0,972.0,84.0,1429.0,791.0,15.1,42.7,0.7294
30/03/2004,11.00.00,3.9,1429.0,649.0,18.4,1251.0,249.0,734.0,146.0,1754.0,1548.0,18.3,26.6,0.5529
05/04/2004,12.00.00,3.2,1498.0,445.0,15.7,1171.0,206.0,684.0,114.0,1942.0,1434.0,17.0,54.3,1.0434
28/03/2004,01.00.00,2.3,1274.0,101.0,8.3,912.0,111.0,939.0,97.0,1451.0,1188.0,10.3,58.1,0.7278
15/03/2004,22.00.00,3.2,1439.0,224.0,15.3,1159.0,193.0,764.0,125.0,1856.0,1494.0,15.7,60.2,1.0654
26/04/2004,22.00.00,1.5,966.0,93.0,5.3,778.0,79.0,1057.0,89.0,1359.0,755.0,16.4,40.8,0.7542
22/03/2004,22.00.00,2.0,1132.0,143.0,8.4,916.0,128.0,920.0,113.0,1561.0,1083.0,13.9,52.0,0.8231
31/03/2004,06.00.00,1.0,1038.0,57.0,3.5,684.0,85.0,1220.0,93.0,1279.0,688.0,14.4,38.5,0.6291
08/04/2004,15.00.00,2.5,1136.0,353.0,13.2,1089.0,127.0,856.0,101.0,1552.0,928.0,20.6,24.8,0.5931
13/03/2004,10.00.00,3.2,1447.0,160.0,12.9,1081.0,250.0,869.0,126.0,1667.0,1465.0,12.4,51.2,0.7335
12/04/2004,15.00.00,1.2,1025.0,78.0,3.6,689.0,89.0,1189.0,77.0,1325.0,519.0,11.4,61.2,0.8236
25/03/2004,05.00.00,0.5,878.0,21.0,0.6,457.0,12.0,1935.0,20.0,1158.0,344.0,9.9,66.8,0.8152
25/04/2004,18.00.00,1.5,1001.0,137.0,6.0,811.0,98.0,1122.0,83.0,1344.0,625.0,18.5,27.8,0.5843
27/03/2004,18.00.00,2.7,1210.0,219.0,12.4,1062.0,165.0,886.0,125.0,1586.0,981.0,15.8,36.1,0.644
11/03/2004,13.00.00,1.9,1286.0,63.0,7.3,869.0,146.0,1162.0,112.0,1537.0,799.0,8.3,76.4,0.8393
16/03/2004,14.00.00,3.8,1466.0,318.0,20.4,1309.0,263.0,773.0,161.0,1897.0,1491.0,25.8,23.2,0.7589
29/03/2004,14.00.00,1.5,984.0,139.0,5.5,790.0,103.0,1131.0,92.0,1268.0,532.0,17.9,26.8,0.5446
26/03/2004,15.00.00,1.3,962.0,81.0,5.3,776.0,89.0,1152.0,75.0,1279.0,550.0,14.2,36.8,0.5922
30/04/2004,08.00.00,3.4,1405.0,332.0,19.9,1295.0,161.0,638.0,103.0,2065.0,1378.0,18.7,57.6,1.2323
07/04/2004,06.00.00,0.8,1000.0,59.0,3.6,688.0,55.0,1257.0,61.0,1398.0,426.0,14.2,58.6,0.9443
15/04/2004,13.00.00,3.5,1351.0,465.0,17.0,1210.0,195.0,709.0,120.0,1783.0,1374.0,19.3,35.4,0.7824
07/04/2004,04.00.00,0.3,804.0,30.0,0.7,468.0,12.0,1826.0,19.0,1166.0,320.0,15.7,45.4,0.8063
29/04/2004,15.00.00,4.4,1554.0,565.0,23.1,1379.0,266.0,614.0,138.0,2151.0,1693.0,21.7,44.0,1.1242
23/03/2004,17.00.00,3.0,1225.0,276.0,13.8,1111.0,176.0,818.0,122.0,1719.0,1013.0,13.6,54.6,0.8465
16/03/2004,00.00.00,2.1,1304.0,155.0,11.1,1019.0,127.0,852.0,103.0,1731.0,1272.0,14.1,65.7,1.0494
11/04/2004,00.00.00,1.4,1028.0,84.0,5.1,770.0,75.0,1047.0,84.0,1326.0,913.0,11.2,56.2,0.7469
26/04/2004,17.00.00,2.2,1116.0,171.0,10.7,1003.0,119.0,864.0,101.0,1625.0,886.0,18.6,35.4,0.7535
10/04/2004,10.00.00,1.9,1112.0,172.0,8.4,917.0,124.0,897.0,90.0,1542.0,931.0,16.6,44.4,0.8313
23/03/2004,07.00.00,1.1,1061.0,60.0,4.6,745.0,103.0,1178.0,88.0,1429.0,616.0,9.8,75.0,0.9093
28/03/2004,16.00.00,1.3,987.0,116.0,4.3,727.0,73.0,1213.0,70.0,1244.0,502.0,18.2,28.3,0.5848
16/04/2004,10.00.00,2.3,1184.0,222.0,10.2,983.0,169.0,823.0,106.0,1604.0,1166.0,16.6,48.7,0.9146
13/04/2004,22.00.00,2.1,1168.0,194.0,9.4,954.0,152.0,843.0,104.0,1586.0,1201.0,12.3,59.2,0.8461
14/04/2004,09.00.00,4.3,1397.0,655.0,18.3,1248.0,263.0,659.0,119.0,1906.0,1534.0,15.8,46.8,0.8328
13/04/2004,00.00.00,0.7,893.0,48.0,2.0,587.0,46.0,1368.0,58.0,1219.0,433.0,10.7,58.2,0.7459
12/04/2004,05.00.00,0.3,785.0,14.0,0.5,448.0,16.0,1923.0,26.0,1003.0,263.0,13.5,37.9,0.5852
10/04/2004,08.00.00,2.0,1159.0,167.0,9.9,976.0,138.0,837.0,76.0,1663.0,1098.0,12.4,64.0,0.9206
30/04/2004,10.00.00,2.7,1315.0,212.0,12.6,1072.0,191.0,736.0,116.0,1833.0,1273.0,16.3,73.2,1.3458
12/03/2004,20.00.00,6.6,1843.0,488.0,32.6,1610.0,340.0,624.0,170.0,2390.0,1887.0,12.9,50.5,0.7478
27/04/2004,15.00.00,2.7,1187.0,277.0,14.8,1142.0,149.0,840.0,110.0,1651.0,1011.0,25.7,23.8,0.7737
17/03/2004,22.00.00,2.8,1444.0,206.0,15.0,1150.0,202.0,770.0,136.0,1727.0,1727.0,17.2,44.1,0.8558
15/04/2004,20.00.00,6.1,1746.0,824.0,24.2,1409.0,319.0,553.0,148.0,2119.0,1898.0,16.8,49.8,0.9446
22/03/2004,20.00.00,4.5,1425.0,624.0,21.0,1325.0,238.0,678.0,146.0,1965.0,1356.0,15.3,47.4,0.8178
11/03/2004,12.00.00,1.6,1236.0,61.0,5.2,774.0,104.0,1301.0,95.0,1401.0,664.0,9.5,66.8,0.7951
10/04/2004,01.00.00,1.7,1116.0,98.0,6.9,854.0,118.0,929.0,78.0,1533.0,1034.0,11.5,70.1,0.9503
12/03/2004,23.00.00,5.4,1677.0,367.0,21.8,1346.0,300.0,741.0,134.0,2062.0,1657.0,9.7,64.6,0.7771
29/04/2004,21.00.00,2.9,1398.0,209.0,16.3,1189.0,180.0,646.0,112.0,1931.0,1577.0,18.2,58.8,1.2173
10/04/2004,06.00.00,1.4,1073.0,134.0,6.0,812.0,112.0,988.0,65.0,1500.0,950.0,10.8,70.5,0.9142
13/04/2004,01.00.00,0.5,844.0,27.0,1.3,532.0,25.0,1499.0,36.0,1176.0,376.0,10.5,59.9,0.7624
07/04/2004,16.00.00,1.2,1045.0,120.0,5.9,808.0,65.0,1038.0,69.0,1421.0,589.0,16.4,47.7,0.8819
27/03/2004,21.00.00,2.2,1148.0,231.0,8.8,930.0,140.0,948.0,107.0,1475.0,1056.0,12.5,48.1,0.6946
29/04/2004,02.00.00,0.6,926.0,60.0,2.8,639.0,34.0,1115.0,54.0,1409.0,814.0,15.9,60.1,1.0806
25/03/2004,08.00.00,2.7,1320.0,271.0,11.6,1035.0,184.0,902.0,112.0,1721.0,991.0,8.7,74.6,0.8429
11/03/2004,22.00.00,1.5,965.0,61.0,4.7,749.0,94.0,1325.0,85.0,1333.0,821.0,8.2,63.4,0.6905
17/04/2004,01.00.00,2.2,1134.0,111.0,7.1,863.0,120.0,869.0,88.0,1599.0,1009.0,12.5,81.8,1.1838
05/04/2004,19.00.00,3.9,1499.0,678.0,18.0,1239.0,174.0,651.0,121.0,1957.0,1359.0,18.8,47.5,1.0199
31/03/2004,11.00.00,1.9,1277.0,156.0,7.7,886.0,140.0,902.0,109.0,1579.0,1004.0,12.2,70.0,0.9924
25/03/2004,12.00.00,1.3,1027.0,95.0,5.9,809.0,106.0,1081.0,88.0,1442.0,733.0,13.6,53.0,0.8209
12/03/2004,12.00.00,2.1,1206.0,114.0,10.2,986.0,143.0,1035.0,113.0,1537.0,959.0,15.0,36.5,0.6195
29/04/2004,16.00.00,3.9,1495.0,483.0,21.2,1331.0,246.0,615.0,136.0,2069.0,1635.0,21.4,44.4,1.1176
31/03/2004,21.00.00,1.5,1060.0,109.0,5.5,787.0,81.0,1044.0,91.0,1418.0,833.0,12.6,57.0,0.8315
07/04/2004,05.00.00,0.3,824.0,32.0,0.8,478.0,22.0,1705.0,32.0,1200.0,331.0,15.3,50.1,0.8617
29/04/2004,18.00.00,5.4,1664.0,657.0,28.6,1519.0,271.0,553.0,145.0,2312.0,1820.0,20.2,48.6,1.1354
25/04/2004,12.00.00,1.0,863.0,66.0,2.7,636.0,57.0,1290.0,52.0,1185.0,388.0,17.4,33.9,0.6683
14/04/2004,11.00.00,2.1,1109.0,195.0,8.9,935.0,147.0,882.0,95.0,1518.0,1026.0,21.1,30.2,0.745
23/03/2004,21.00.00,1.7,1089.0,87.0,7.6,884.0,89.0,1006.0,101.0,1487.0,975.0,12.6,54.2,0.7881
25/04/2004,14.00.00,0.7,807.0,50.0,2.0,584.0,41.0,1488.0,44.0,1104.0,347.0,18.3,27.2,0.5675
25/04/2004,23.00.00,2.1,978.0,252.0,7.0,858.0,102.0,1013.0,79.0,1379.0,761.0,14.5,42.0,0.6896
08/04/2004,17.00.00,3.6,1297.0,538.0,19.7,1287.0,192.0,723.0,138.0,1798.0,1216.0,21.5,24.5,0.6203
29/04/2004,20.00.00,4.3,1524.0,435.0,19.2,1275.0,245.0,608.0,122.0,2046.0,1740.0,18.6,57.6,1.2233
24/04/2004,20.00.00,3.4,1503.0,485.0,16.8,1203.0,162.0,651.0,126.0,1863.0,1502.0,21.2,50.8,1.2631
29/04/2004,19.00.00,6.5,1761.0,830.0,32.6,1610.0,332.0,502.0,146.0,2488.0,2006.0,20.2,50.8,1.1924
18/03/2004,05.00.00,0.6,931.0,20.0,2.5,623.0,37.0,1293.0,57.0,1307.0,828.0,12.0,58.9,0.8233
13/04/2004,14.00.00,1.8,1073.0,181.0,9.7,966.0,128.0,935.0,87.0,1537.0,805.0,16.6,36.7,0.6867
17/03/2004,17.00.00,2.5,1247.0,134.0,12.3,1060.0,147.0,1032.0,114.0,1525.0,1069.0,28.5,14.9,0.5708
24/04/2004,14.00.00,2.0,1338.0,215.0,11.0,1016.0,98.0,798.0,95.0,1766.0,1194.0,24.3,41.8,1.2561
13/04/2004,13.00.00,1.5,1009.0,141.0,7.7,885.0,112.0,994.0,87.0,1439.0,751.0,16.3,38.1,0.7006
17/04/2004,00.00.00,2.6,1167.0,162.0,8.1,904.0,169.0,846.0,100.0,1627.0,1051.0,12.7,80.6,1.1819
15/03/2004,20.00.00,6.5,1895.0,538.0,31.0,1573.0,320.0,565.0,165.0,2443.0,1992.0,18.3,52.6,1.0945
25/03/2004,09.00.00,3.5,1353.0,434.0,17.8,1235.0,202.0,740.0,119.0,1937.0,1175.0,8.6,75.1,0.8415
13/04/2004,02.00.00,0.3,837.0,29.0,1.2,518.0,18.0,1581.0,29.0,1182.0,360.0,10.5,60.8,0.7704
15/03/2004,12.00.00,3.1,1430.0,221.0,14.1,1120.0,201.0,831.0,134.0,1783.0,1522.0,22.0,34.1,0.8904
03/04/2004,02.00.00,1.2,1141.0,88.0,5.3,777.0,69.0,986.0,83.0,1455.0,1060.0,15.1,58.2,0.9886
03/04/2004,00.00.00,1.6,1254.0,139.0,9.0,941.0,98.0,828.0,106.0,1566.0,1270.0,17.1,51.8,0.999
16/03/2004,06.00.00,0.9,1017.0,27.0,3.5,681.0,82.0,1246.0,64.0,1418.0,870.0,11.2,68.5,0.9081
13/03/2004,06.00.00,1.2,1100.0,27.0,2.9,646.0,53.0,1406.0,60.0,1268.0,835.0,7.2,67.5,0.6887
17/03/2004,16.00.00,2.9,1365.0,193.0,15.2,1154.0,186.0,940.0,129.0,1679.0,1221.0,29.3,15.8,0.6309
02/04/2004,08.00.00,3.9,1474.0,486.0,20.3,1306.0,190.0,634.0,114.0,2060.0,1365.0,12.6,70.2,1.0221
28/04/2004,21.00.00,2.7,1267.0,332.0,13.1,1088.0,151.0,764.0,129.0,1740.0,1339.0,19.8,46.8,1.0702
24/03/2004,12.00.00,1.5,1098.0,118.0,6.7,842.0,117.0,1012.0,85.0,1440.0,828.0,15.6,40.6,0.7146
29/04/2004,07.00.00,4.9,1674.0,635.0,29.8,1547.0,293.0,539.0,95.0,2405.0,1665.0,14.8,61.3,1.0237
16/04/2004,12.00.00,2.4,1196.0,263.0,10.5,997.0,127.0,802.0,100.0,1644.0,1128.0,19.2,42.7,0.9425
11/03/2004,02.00.00,0.9,1094.0,24.0,2.3,609.0,45.0,1579.0,60.0,1276.0,620.0,10.7,59.7,0.7648
24/04/2004,00.00.00,2.8,1402.0,240.0,13.4,1098.0,161.0,736.0,113.0,1729.0,1456.0,18.2,49.7,1.0284
12/03/2004,11.00.00,2.7,1263.0,166.0,11.6,1037.0,216.0,969.0,143.0,1598.0,1167.0,14.3,38.4,0.6243
06/04/2004,11.00.00,1.6,1167.0,169.0,7.6,884.0,105.0,881.0,78.0,1580.0,931.0,20.2,40.1,0.937
26/03/2004,13.00.00,2.3,1106.0,211.0,12.5,1068.0,116.0,915.0,99.0,1535.0,874.0,19.1,26.2,0.5741
28/03/2004,18.00.00,1.4,1012.0,93.0,4.7,746.0,86.0,1174.0,86.0,1301.0,555.0,15.6,35.0,0.617
16/04/2004,23.00.00,3.1,1281.0,171.0,10.0,977.0,171.0,794.0,99.0,1695.0,1105.0,12.8,81.0,1.1915
12/04/2004,17.00.00,1.2,1025.0,67.0,3.5,682.0,88.0,1197.0,77.0,1313.0,537.0,10.3,65.2,0.8151
13/04/2004,20.00.00,3.5,1266.0,446.0,14.6,1138.0,205.0,726.0,129.0,1747.0,1370.0,14.1,49.6,0.7931
14/04/2004,06.00.00,1.6,1079.0,116.0,7.4,875.0,113.0,947.0,71.0,1535.0,998.0,10.3,65.6,0.8225
26/03/2004,22.00.00,1.2,953.0,66.0,4.6,743.0,79.0,1185.0,85.0,1252.0,690.0,9.7,50.4,0.6063
28/03/2004,12.00.00,1.8,1114.0,151.0,7.7,887.0,92.0,1020.0,86.0,1438.0,768.0,21.3,26.4,0.6607
02/04/2004,19.00.00,4.7,1620.0,710.0,24.1,1407.0,215.0,641.0,154.0,2052.0,1567.0,21.2,40.1,0.9978
17/03/2004,15.00.00,2.0,1207.0,103.0,10.4,994.0,135.0,1013.0,104.0,1520.0,1045.0,26.8,18.7,0.65
23/04/2004,09.00.00,5.0,1553.0,759.0,22.1,1354.0,358.0,621.0,142.0,2030.0,1895.0,19.1,42.1,0.9233
26/04/2004,20.00.00,2.6,1081.0,236.0,9.3,950.0,124.0,907.0,109.0,1496.0,924.0,17.3,38.8,0.7584
11/04/2004,19.00.00,2.0,1063.0,118.0,5.7,797.0,93.0,1079.0,93.0,1285.0,607.0,16.4,35.3,0.6532
08/04/2004,00.00.00,1.4,1020.0,88.0,4.8,752.0,95.0,1074.0,97.0,1398.0,839.0,9.3,75.0,0.8799
17/03/2004,12.00.00,2.5,1393.0,145.0,12.5,1067.0,210.0,905.0,142.0,1654.0,1490.0,24.3,28.3,0.8471
17/03/2004,11.00.00,2.9,1438.0,200.0,15.4,1161.0,221.0,819.0,135.0,1782.0,1595.0,21.1,33.4,0.8265
14/04/2004,07.00.00,3.9,1417.0,478.0,18.2,1246.0,263.0,669.0,94.0,1921.0,1403.0,10.8,64.0,0.8307
28/04/2004,10.00.00,3.4,1469.0,372.0,18.4,1252.0,255.0,692.0,155.0,1903.0,1807.0,24.2,33.8,1.0097
23/04/2004,16.00.00,4.6,1497.0,698.0,25.8,1449.0,281.0,679.0,186.0,1985.0,1532.0,29.5,20.1,0.8136
30/03/2004,18.00.00,2.2,1236.0,272.0,9.6,962.0,117.0,853.0,101.0,1532.0,928.0,15.8,40.4,0.7228
06/04/2004,22.00.00,1.3,1027.0,152.0,5.9,808.0,76.0,996.0,81.0,1458.0,647.0,15.8,48.6,0.8653
29/03/2004,17.00.00,1.9,1058.0,166.0,7.9,896.0,98.0,996.0,95.0,1358.0,603.0,17.0,28.9,0.5558
23/03/2004,13.00.00,3.5,1310.0,325.0,16.9,1207.0,208.0,770.0,132.0,1847.0,1301.0,13.8,53.4,0.8351
16/03/2004,10.00.00,5.3,1735.0,437.0,25.1,1431.0,396.0,628.0,150.0,2211.0,1843.0,17.8,42.9,0.8672
25/04/2004,13.00.00,0.8,830.0,46.0,2.2,596.0,54.0,1389.0,52.0,1145.0,371.0,17.9,30.7,0.6234
17/03/2004,08.00.00,4.1,1587.0,260.0,21.4,1334.0,320.0,702.0,108.0,1999.0,1534.0,11.1,60.2,0.7958
29/04/2004,10.00.00,2.1,1156.0,220.0,10.9,1009.0,145.0,875.0,118.0,1583.0,1204.0,23.8,30.2,0.8771
24/03/2004,00.00.00,1.2,1045.0,55.0,4.9,756.0,70.0,1137.0,85.0,1411.0,902.0,11.1,62.2,0.8199
27/03/2004,17.00.00,2.3,1119.0,221.0,11.2,1022.0,137.0,916.0,117.0,1508.0,853.0,17.1,31.3,0.6038
28/03/2004,08.00.00,1.3,1024.0,91.0,4.7,747.0,105.0,1136.0,75.0,1382.0,897.0,9.7,58.6,0.7035
02/04/2004,05.00.00,0.7,968.0,51.0,2.6,628.0,56.0,1197.0,66.0,1372.0,737.0,11.3,72.9,0.9738
16/03/2004,09.00.00,3.7,1539.0,285.0,19.7,1287.0,229.0,698.0,95.0,2055.0,1507.0,13.6,56.3,0.8743
23/03/2004,10.00.00,3.4,1343.0,340.0,16.2,1185.0,237.0,760.0,132.0,1857.0,1311.0,12.0,62.9,0.8803
24/03/2004,07.00.00,1.2,1045.0,84.0,4.8,751.0,79.0,1186.0,75.0,1403.0,800.0,10.4,59.2,0.7455
05/04/2004,20.00.00,3.1,1378.0,436.0,13.6,1102.0,157.0,742.0,116.0,1796.0,1273.0,17.9,49.4,1.0064
26/03/2004,06.00.00,0.9,1005.0,64.0,4.0,713.0,103.0,1130.0,78.0,1363.0,924.0,8.0,71.8,0.7711
02/04/2004,20.00.00,5.5,1693.0,787.0,25.4,1439.0,271.0,618.0,168.0,2083.0,1723.0,19.4,42.5,0.9483
26/04/2004,19.00.00,3.0,1163.0,334.0,12.5,1068.0,135.0,811.0,111.0,1616.0,977.0,17.8,37.5,0.7568
16/03/2004,16.00.00,2.9,1407.0,201.0,16.6,1197.0,184.0,905.0,129.0,1759.0,1313.0,28.2,18.6,0.7014
02/04/2004,07.00.00,2.6,1386.0,284.0,13.0,1083.0,159.0,798.0,109.0,1833.0,1159.0,11.9,73.7,1.0254
23/04/2004,05.00.00,0.6,852.0,46.0,2.9,646.0,59.0,1186.0,59.0,1321.0,793.0,14.2,52.2,0.8413
16/04/2004,17.00.00,5.7,1593.0,743.0,23.0,1378.0,309.0,582.0,142.0,2159.0,1449.0,14.6,76.0,1.2573
27/04/2004,17.00.00,2.9,1215.0,274.0,15.5,1164.0,155.0,817.0,113.0,1689.0,1015.0,27.0,22.3,0.786
25/03/2004,01.00.00,1.0,970.0,52.0,2.5,621.0,42.0,1400.0,58.0,1249.0,479.0,11.0,58.4,0.7686
27/04/2004,19.00.00,3.9,1388.0,457.0,21.6,1341.0,177.0,702.0,131.0,1955.0,1315.0,23.7,30.2,0.8718
16/04/2004,02.00.00,1.6,1132.0,127.0,6.0,810.0,77.0,899.0,83.0,1532.0,1021.0,12.8,71.9,1.0632
27/04/2004,22.00.00,1.8,1078.0,137.0,8.8,932.0,99.0,905.0,100.0,1511.0,951.0,18.9,40.6,0.8771
15/04/2004,21.00.00,4.6,1607.0,660.0,19.8,1290.0,264.0,587.0,134.0,1960.0,1758.0,16.2,53.2,0.9723
25/04/2004,02.00.00,1.0,931.0,61.0,3.6,689.0,63.0,1161.0,73.0,1317.0,503.0,12.7,58.7,0.8605
16/04/2004,11.00.00,2.6,1223.0,212.0,11.0,1014.0,172.0,781.0,108.0,1666.0,1219.0,17.6,46.7,0.9324
01/04/2004,10.00.00,2.8,1258.0,375.0,11.7,1040.0,192.0,800.0,113.0,1701.0,1282.0,19.2,39.6,0.8693
29/04/2004,22.00.00,2.7,1342.0,202.0,13.7,1106.0,156.0,694.0,102.0,1856.0,1443.0,17.8,61.0,1.2352
09/04/2004,23.00.00,2.3,1176.0,169.0,8.4,917.0,157.0,866.0,95.0,1560.0,1151.0,12.0,67.9,0.9523
27/03/2004,05.00.00,0.8,915.0,27.0,1.9,578.0,32.0,1417.0,48.0,1212.0,665.0,8.2,58.9,0.6444
24/04/2004,12.00.00,2.6,1391.0,350.0,14.6,1136.0,134.0,738.0,105.0,1840.0,1296.0,27.2,32.4,1.1493
05/04/2004,23.00.00,1.6,1137.0,177.0,7.3,869.0,90.0,890.0,92.0,1554.0,951.0,17.0,53.9,1.0363
08/04/2004,10.00.00,2.6,1207.0,324.0,11.7,1041.0,189.0,813.0,113.0,1620.0,1319.0,16.5,42.6,0.7912
15/03/2004,21.00.00,4.2,1595.0,319.0,19.9,1294.0,256.0,678.0,145.0,2058.0,1707.0,16.7,57.4,1.0786
25/03/2004,15.00.00,1.9,1084.0,154.0,8.6,924.0,125.0,986.0,92.0,1501.0,786.0,16.0,41.3,0.7462
26/04/2004,06.00.00,0.8,898.0,60.0,3.4,676.0,70.0,1271.0,72.0,1307.0,517.0,14.0,43.8,0.6959
14/04/2004,08.00.00,5.0,1529.0,836.0,27.7,1497.0,275.0,569.0,99.0,2278.0,1641.0,13.3,55.6,0.8453
31/03/2004,20.00.00,2.3,1198.0,221.0,9.3,953.0,131.0,882.0,105.0,1588.0,1019.0,13.2,56.0,0.8446
25/03/2004,16.00.00,2.2,1105.0,267.0,10.1,982.0,138.0,939.0,105.0,1545.0,850.0,17.7,35.4,0.7094
24/04/2004,07.00.00,1.5,1134.0,151.0,10.0,979.0,106.0,794.0,73.0,1639.0,1140.0,14.6,56.8,0.9385
29/03/2004,09.00.00,1.5,966.0,147.0,5.5,786.0,118.0,1111.0,98.0,1258.0,705.0,11.8,37.6,0.5184
02/04/2004,15.00.00,2.7,1281.0,337.0,14.0,1116.0,149.0,809.0,121.0,1703.0,1080.0,26.1,27.3,0.9101
27/04/2004,06.00.00,1.4,1120.0,111.0,8.9,935.0,112.0,843.0,76.0,1593.0,1126.0,14.4,53.1,0.8677
31/03/2004,05.00.00,0.6,909.0,31.0,1.5,545.0,44.0,1473.0,58.0,1131.0,436.0,14.6,36.0,0.5947
26/03/2004,18.00.00,2.4,1168.0,239.0,11.6,1037.0,125.0,868.0,105.0,1580.0,990.0,12.1,45.6,0.6403
16/04/2004,00.00.00,2.0,1209.0,114.0,7.1,863.0,120.0,882.0,108.0,1547.0,1084.0,13.7,66.8,1.041
16/04/2004,06.00.00,2.0,1242.0,179.0,10.0,978.0,180.0,778.0,87.0,1686.0,1184.0,11.7,75.3,1.0325
27/03/2004,20.00.00,2.8,1258.0,270.0,12.2,1057.0,174.0,841.0,119.0,1633.0,1244.0,13.6,44.9,0.6991
31/03/2004,23.00.00,1.2,1029.0,84.0,4.8,754.0,57.0,1098.0,79.0,1395.0,749.0,12.0,58.4,0.8164
01/04/2004,08.00.00,6.2,1722.0,1042.0,31.9,1595.0,378.0,539.0,119.0,2439.0,1798.0,11.9,60.9,0.8455
25/03/2004,07.00.00,1.1,1038.0,55.0,3.8,697.0,84.0,1260.0,82.0,1383.0,605.0,8.1,79.0,0.8544
29/04/2004,05.00.00,0.8,959.0,64.0,4.4,734.0,76.0,1038.0,57.0,1470.0,861.0,13.3,67.0,1.0203
24/04/2004,08.00.00,2.5,1311.0,305.0,15.0,1147.0,166.0,681.0,86.0,1838.0,1351.0,16.7,51.9,0.9788
07/04/2004,08.00.00,3.1,1286.0,454.0,15.7,1171.0,153.0,716.0,102.0,1821.0,1006.0,15.0,52.0,0.8817
30/03/2004,17.00.00,2.1,1249.0,151.0,9.7,968.0,112.0,874.0,99.0,1527.0,926.0,17.3,34.7,0.6788
08/04/2004,19.00.00,6.3,1618.0,974.0,29.1,1530.0,326.0,579.0,171.0,2167.0,1791.0,18.0,32.9,0.6737
16/04/2004,13.00.00,4.3,1559.0,535.0,18.9,1267.0,230.0,653.0,149.0,2047.0,1373.0,15.7,62.5,1.1092
30/04/2004,13.00.00,3.4,1399.0,377.0,17.4,1222.0,202.0,643.0,115.0,2061.0,1413.0,19.4,60.9,1.3545
28/04/2004,08.00.00,4.2,1486.0,588.0,22.0,1351.0,274.0,571.0,100.0,2112.0,1692.0,16.1,54.8,0.996
29/04/2004,14.00.00,3.4,1458.0,346.0,20.9,1321.0,201.0,654.0,122.0,2023.0,1516.0,22.4,37.9,1.016
15/04/2004,16.00.00,3.1,1292.0,383.0,14.0,1116.0,192.0,746.0,129.0,1676.0,1293.0,19.6,34.6,0.7807
25/04/2004,15.00.00,0.9,873.0,51.0,3.4,675.0,57.0,1343.0,59.0,1181.0,396.0,19.4,25.7,0.5738
16/04/2004,19.00.00,6.4,1689.0,783.0,26.8,1474.0,323.0,560.0,149.0,2298.0,1492.0,13.9,78.0,1.2303
30/04/2004,19.00.00,5.7,1626.0,642.0,26.9,1476.0,281.0,555.0,135.0,2356.0,1786.0,19.8,58.6,1.3392
12/04/2004,01.00.00,0.6,799.0,29.0,1.1,514.0,42.0,1615.0,59.0,1036.0,332.0,14.1,34.0,0.5442
12/04/2004,23.00.00,0.8,914.0,56.0,2.4,610.0,54.0,1322.0,65.0,1230.0,455.0,10.4,58.4,0.7352
14/03/2004,16.00.00,3.0,1458.0,150.0,11.9,1045.0,170.0,974.0,129.0,1646.0,1099.0,22.2,28.4,0.7516
26/03/2004,01.00.00,1.4,1024.0,79.0,4.8,753.0,79.0,1131.0,91.0,1357.0,793.0,9.7,61.6,0.7425
18/03/2004,00.00.00,2.3,1371.0,159.0,13.0,1083.0,154.0,796.0,116.0,1669.0,1551.0,14.8,53.9,0.9024
10/04/2004,15.00.00,1.4,942.0,98.0,6.9,852.0,89.0,1055.0,89.0,1318.0,540.0,21.4,22.7,0.5722
12/03/2004,10.00.00,3.1,1350.0,208.0,14.0,1118.0,187.0,912.0,122.0,1712.0,1237.0,13.2,41.7,0.632
11/04/2004,09.00.00,1.0,938.0,70.0,3.9,706.0,47.0,1177.0,51.0,1320.0,642.0,13.0,47.9,0.7116
22/03/2004,19.00.00,4.4,1438.0,672.0,21.0,1325.0,232.0,678.0,143.0,1993.0,1401.0,15.6,47.4,0.8347
23/04/2004,06.00.00,0.8,923.0,56.0,4.9,757.0,72.0,1041.0,67.0,1418.0,906.0,14.3,55.4,0.9003
25/04/2004,17.00.00,1.4,918.0,138.0,4.7,748.0,81.0,1228.0,76.0,1219.0,505.0,19.6,24.9,0.5625
27/04/2004,00.00.00,0.8,861.0,51.0,2.2,601.0,39.0,1351.0,51.0,1225.0,439.0,15.4,43.0,0.7482
28/04/2004,20.00.00,5.3,1642.0,804.0,24.9,1426.0,265.0,597.0,162.0,2117.0,1720.0,21.8,43.6,1.1226
15/03/2004,02.00.00,1.8,1224.0,66.0,7.0,855.0,108.0,998.0,88.0,1566.0,1149.0,13.4,61.3,0.9361
12/04/2004,09.00.00,0.8,975.0,38.0,2.2,598.0,63.0,1268.0,73.0,1293.0,536.0,13.4,56.0,0.8576
25/03/2004,23.00.00,1.2,979.0,67.0,4.5,736.0,75.0,1154.0,92.0,1324.0,769.0,9.9,59.5,0.7276
12/04/2004,20.00.00,1.2,964.0,68.0,3.7,692.0,88.0,1176.0,82.0,1292.0,573.0,10.6,57.7,0.7362
06/04/2004,19.00.00,3.3,1314.0,503.0,15.1,1150.0,181.0,726.0,126.0,1784.0,1083.0,16.3,47.7,0.8746
11/04/2004,22.00.00,1.1,924.0,61.0,2.9,648.0,63.0,1272.0,74.0,1186.0,465.0,14.5,39.0,0.6428
27/04/2004,02.00.00,0.5,846.0,31.0,1.6,557.0,19.0,1385.0,32.0,1212.0,406.0,15.6,43.4,0.7651
24/03/2004,11.00.00,1.7,1138.0,118.0,8.0,898.0,136.0,950.0,88.0,1505.0,966.0,15.1,44.3,0.7535
01/04/2004,19.00.00,5.5,1592.0,840.0,25.0,1429.0,267.0,624.0,164.0,2089.0,1644.0,20.8,36.7,0.8878
02/04/2004,00.00.00,2.0,1139.0,157.0,8.0,899.0,126.0,921.0,104.0,1514.0,1067.0,14.1,54.4,0.8701
27/04/2004,14.00.00,2.0,1120.0,173.0,12.0,1048.0,121.0,898.0,95.0,1560.0,870.0,25.4,24.2,0.7733
24/03/2004,23.00.00,1.3,973.0,79.0,4.5,739.0,81.0,1186.0,87.0,1354.0,589.0,10.4,61.1,0.7717
10/03/2004,22.00.00,1.6,1272.0,51.0,6.5,836.0,131.0,1205.0,116.0,1490.0,1110.0,11.2,59.6,0.7888
16/04/2004,16.00.00,4.7,1498.0,536.0,17.7,1230.0,250.0,649.0,140.0,1963.0,1308.0,14.6,74.9,1.2391
27/04/2004,05.00.00,0.7,930.0,38.0,3.3,670.0,58.0,1143.0,68.0,1339.0,746.0,15.5,47.3,0.8282
15/04/2004,09.00.00,3.9,1489.0,536.0,19.1,1270.0,309.0,633.0,114.0,1889.0,1638.0,13.5,53.4,0.8196
11/04/2004,15.00.00,0.9,854.0,48.0,3.1,658.0,42.0,1409.0,46.0,1108.0,369.0,22.0,19.0,0.4969
24/04/2004,13.00.00,1.9,1200.0,238.0,8.7,929.0,84.0,879.0,74.0,1623.0,972.0,26.9,32.1,1.1217
15/03/2004,07.00.00,2.2,1314.0,107.0,9.7,966.0,228.0,897.0,89.0,1710.0,1235.0,11.3,70.2,0.9401
12/04/2004,19.00.00,1.8,1070.0,79.0,5.2,776.0,127.0,1065.0,93.0,1369.0,697.0,10.6,59.5,0.7595
02/04/2004,11.00.00,2.9,1328.0,468.0,14.2,1123.0,180.0,738.0,127.0,1821.0,1368.0,19.4,44.1,0.9855
08/04/2004,16.00.00,1.9,1085.0,209.0,10.7,1004.0,106.0,888.0,95.0,1454.0,816.0,21.0,25.4,0.6264
12/03/2004,22.00.00,3.5,1484.0,215.0,14.3,1127.0,253.0,839.0,139.0,1723.0,1491.0,11.0,59.1,0.774
12/03/2004,06.00.00,0.8,927.0,17.0,1.8,571.0,56.0,1685.0,71.0,1223.0,487.0,6.8,62.9,0.6234
24/03/2004,05.00.00,0.6,892.0,20.0,1.2,522.0,34.0,1572.0,54.0,1255.0,648.0,10.9,58.6,0.7628
16/03/2004,21.00.00,5.1,1800.0,349.0,24.9,1426.0,317.0,700.0,177.0,2106.0,2034.0,19.0,41.3,0.9007
11/03/2004,23.00.00,1.0,913.0,26.0,2.6,629.0,47.0,1565.0,53.0,1252.0,552.0,8.2,60.8,0.6657
26/04/2004,14.00.00,1.3,942.0,104.0,5.4,785.0,86.0,1065.0,77.0,1365.0,571.0,19.7,32.5,0.7396
25/03/2004,13.00.00,2.0,1106.0,211.0,8.9,935.0,132.0,958.0,96.0,1570.0,819.0,14.2,48.4,0.778
08/04/2004,01.00.00,1.5,1051.0,95.0,5.7,798.0,84.0,1016.0,89.0,1455.0,876.0,9.0,76.7,0.8825
01/04/2004,01.00.00,1.2,1044.0,100.0,5.1,770.0,85.0,1031.0,70.0,1425.0,944.0,11.5,63.9,0.8652
28/03/2004,02.00.00,1.7,1135.0,95.0,6.3,827.0,87.0,1013.0,79.0,1395.0,1070.0,9.3,62.2,0.7294
02/04/2004,23.00.00,2.3,1408.0,294.0,12.1,1052.0,149.0,761.0,124.0,1684.0,1443.0,16.8,53.2,1.01
24/04/2004,02.00.00,1.8,1161.0,173.0,9.0,938.0,109.0,827.0,87.0,1597.0,1243.0,16.3,55.3,1.0178
01/04/2004,18.00.00,4.2,1529.0,589.0,21.2,1331.0,211.0,700.0,132.0,2028.0,1399.0,22.8,32.1,0.8814
13/04/2004,15.00.00,2.1,1098.0,227.0,9.8,971.0,145.0,877.0,103.0,1527.0,966.0,15.8,40.5,0.7241
08/04/2004,12.00.00,2.1,1121.0,238.0,11.3,1026.0,122.0,865.0,96.0,1541.0,958.0,21.5,27.4,0.6941
17/03/2004,01.00.00,1.2,1072.0,47.0,5.4,784.0,95.0,1066.0,90.0,1442.0,1114.0,15.5,51.9,0.9059
13/03/2004,15.00.00,2.0,1240.0,108.0,9.2,947.0,119.0,1049.0,116.0,1532.0,947.0,18.4,33.6,0.7042
07/04/2004,07.00.00,2.8,1307.0,277.0,12.9,1082.0,152.0,777.0,111.0,1769.0,830.0,14.3,58.2,0.9431
16/04/2004,21.00.00,3.4,1304.0,299.0,12.5,1067.0,224.0,737.0,117.0,1811.0,1167.0,13.5,79.4,1.2224
16/03/2004,15.00.00,2.8,1280.0,228.0,14.6,1136.0,180.0,893.0,128.0,1675.0,1240.0,27.0,20.2,0.7094
30/04/2004,01.00.00,1.7,1179.0,116.0,7.6,884.0,91.0,830.0,76.0,1696.0,1086.0,15.7,78.6,1.3943
10/04/2004,11.00.00,2.1,1063.0,114.0,7.5,877.0,115.0,971.0,89.0,1481.0,811.0,18.0,38.4,0.7862
13/03/2004,17.00.00,2.3,1326.0,97.0,10.6,1000.0,148.0,976.0,125.0,1602.0,1084.0,16.7,37.8,0.7117
11/03/2004,10.00.00,1.7,1233.0,77.0,6.3,827.0,112.0,1218.0,98.0,1446.0,860.0,10.8,58.4,0.7552
17/03/2004,21.00.00,5.7,1795.0,472.0,27.2,1485.0,336.0,653.0,180.0,2174.0,2050.0,19.1,42.6,0.9294
12/03/2004,15.00.00,2.9,1353.0,185.0,14.2,1122.0,190.0,922.0,126.0,1740.0,1139.0,15.8,37.0,0.661
08/04/2004,06.00.00,1.1,939.0,59.0,4.8,754.0,74.0,1169.0,64.0,1384.0,797.0,8.1,70.4,0.7609
01/04/2004,02.00.00,1.1,1034.0,71.0,4.1,716.0,50.0,1085.0,55.0,1405.0,891.0,10.7,67.2,0.863
23/03/2004,14.00.00,2.8,1171.0,268.0,12.4,1064.0,160.0,881.0,110.0,1639.0,1097.0,16.0,42.4,0.7674
24/03/2004,22.00.00,1.7,1047.0,97.0,5.9,809.0,118.0,1064.0,108.0,1435.0,766.0,10.1,66.9,0.8248
13/03/2004,05.00.00,1.0,978.0,30.0,2.6,625.0,62.0,1420.0,65.0,1274.0,819.0,8.3,63.6,0.6982
30/03/2004,07.00.00,2.6,1343.0,294.0,13.4,1096.0,191.0,839.0,115.0,1587.0,1311.0,11.9,38.4,0.5341
26/04/2004,05.00.00,0.4,809.0,21.0,1.2,521.0,35.0,1575.0,44.0,1158.0,378.0,13.9,43.9,0.6923
26/04/2004,10.00.00,1.4,941.0,76.0,5.4,782.0,110.0,1102.0,83.0,1328.0,668.0,18.3,32.3,0.676
28/03/2004,10.00.00,2.3,1218.0,193.0,9.0,938.0,128.0,918.0,94.0,1501.0,1088.0,16.8,36.9,0.7018
25/04/2004,09.00.00,0.8,875.0,35.0,2.3,603.0,48.0,1370.0,48.0,1206.0,385.0,15.1,43.9,0.7487
26/03/2004,11.00.00,2.7,1207.0,296.0,13.4,1098.0,180.0,826.0,121.0,1664.0,1195.0,16.8,35.3,0.6729
26/04/2004,12.00.00,1.5,977.0,109.0,6.6,837.0,96.0,1038.0,80.0,1413.0,646.0,19.6,30.9,0.6968
06/04/2004,20.00.00,3.2,1315.0,459.0,14.8,1142.0,178.0,724.0,126.0,1807.0,1161.0,15.6,50.7,0.8947
06/04/2004,14.00.00,2.5,1221.0,297.0,11.5,1032.0,166.0,811.0,131.0,1630.0,913.0,19.3,35.4,0.7813
30/04/2004,22.00.00,3.0,1371.0,212.0,14.6,1136.0,174.0,689.0,102.0,1927.0,1471.0,18.1,66.1,1.3579
27/03/2004,07.00.00,1.1,976.0,42.0,3.3,669.0,68.0,1270.0,65.0,1266.0,795.0,7.2,62.9,0.6396
24/03/2004,06.00.00,0.8,954.0,32.0,1.7,561.0,43.0,1496.0,57.0,1255.0,612.0,10.8,57.2,0.7382
18/03/2004,02.00.00,1.0,1064.0,44.0,5.5,787.0,61.0,1057.0,88.0,1407.0,1115.0,14.8,52.1,0.8686
12/04/2004,00.00.00,0.7,840.0,31.0,1.6,556.0,41.0,1474.0,58.0,1094.0,366.0,13.7,38.3,0.5957
26/04/2004,15.00.00,1.4,981.0,107.0,6.0,810.0,86.0,1060.0,77.0,1395.0,605.0,20.7,31.6,0.7602
02/04/2004,06.00.00,1.1,1067.0,93.0,4.3,727.0,91.0,1055.0,82.0,1448.0,903.0,11.4,71.8,0.9671
25/04/2004,10.00.00,1.0,882.0,44.0,2.5,621.0,61.0,1346.0,56.0,1216.0,403.0,16.6,38.6,0.7236
07/04/2004,12.00.00,1.6,1029.0,164.0,7.8,892.0,122.0,937.0,110.0,1474.0,760.0,17.4,40.3,0.7922
15/03/2004,14.00.00,2.9,1400.0,191.0,15.4,1162.0,159.0,838.0,111.0,1829.0,1263.0,23.9,30.0,0.8757
12/04/2004,11.00.00,1.3,1115.0,75.0,3.9,707.0,104.0,1105.0,93.0,1384.0,677.0,12.7,62.7,0.9173
01/04/2004,13.00.00,1.7,1125.0,179.0,8.6,924.0,102.0,937.0,73.0,1542.0,790.0,21.8,33.9,0.8771
10/03/2004,19.00.00,2.0,1292.0,112.0,9.4,955.0,103.0,1174.0,92.0,1559.0,972.0,13.3,47.7,0.7255
28/04/2004,15.00.00,3.5,1387.0,559.0,20.8,1318.0,197.0,701.0,145.0,1890.0,1299.0,28.4,23.4,0.8935
12/04/2004,07.00.00,0.5,865.0,36.0,0.9,494.0,39.0,1613.0,53.0,1185.0,367.0,13.5,50.1,0.7706
14/03/2004,11.00.00,2.8,1445.0,148.0,10.9,1009.0,176.0,878.0,114.0,1696.0,1355.0,16.9,46.1,0.8789
24/03/2004,10.00.00,3.4,1318.0,450.0,14.2,1124.0,218.0,762.0,113.0,1770.0,1287.0,12.1,54.9,0.7734
12/03/2004,08.00.00,4.4,1587.0,202.0,17.9,1236.0,307.0,897.0,141.0,1900.0,1400.0,7.3,63.1,0.6499
08/04/2004,22.00.00,1.4,1058.0,92.0,6.3,824.0,95.0,993.0,99.0,1411.0,971.0,14.1,46.0,0.7363
03/04/2004,09.00.00,3.1,1472.0,422.0,14.3,1126.0,211.0,720.0,106.0,1816.0,1460.0,17.0,50.5,0.9684
06/04/2004,13.00.00,2.9,1284.0,405.0,13.6,1103.0,167.0,755.0,116.0,1704.0,1064.0,20.4,34.7,0.8229
31/03/2004,13.00.00,2.2,1242.0,232.0,9.1,944.0,149.0,846.0,114.0,1638.0,991.0,11.3,78.1,1.0411
14/03/2004,22.00.00,2.1,1324.0,100.0,9.0,940.0,146.0,924.0,121.0,1587.0,1423.0,16.3,51.0,0.9341
30/03/2004,09.00.00,4.2,1556.0,695.0,21.5,1337.0,283.0,674.0,150.0,1852.0,1689.0,16.3,28.8,0.5305
12/04/2004,10.00.00,1.0,1040.0,55.0,2.9,646.0,71.0,1210.0,78.0,1325.0,555.0,13.0,59.6,0.886
30/03/2004,15.00.00,1.9,1122.0,178.0,8.0,897.0,118.0,991.0,91.0,1372.0,831.0,19.1,26.5,0.579
26/03/2004,00.00.00,1.7,1048.0,88.0,5.5,787.0,93.0,1098.0,97.0,1373.0,835.0,9.6,61.1,0.7323
11/03/2004,09.00.00,2.2,1351.0,87.0,9.5,960.0,129.0,1079.0,101.0,1583.0,1028.0,10.5,60.6,0.7691
29/03/2004,07.00.00,2.9,1309.0,279.0,14.3,1125.0,181.0,844.0,103.0,1687.0,1183.0,8.1,56.8,0.615
13/04/2004,23.00.00,1.5,1079.0,115.0,6.8,847.0,108.0,925.0,90.0,1463.0,1122.0,11.6,62.2,0.851
01/04/2004,11.00.00,1.6,1094.0,124.0,6.8,850.0,130.0,970.0,88.0,1489.0,871.0,19.7,38.4,0.8743
27/03/2004,11.00.00,2.1,1121.0,156.0,9.4,955.0,130.0,992.0,99.0,1451.0,834.0,17.8,29.2,0.592
18/03/2004,09.00.00,6.6,1934.0,506.0,35.8,1682.0,421.0,541.0,151.0,2468.0,2051.0,14.3,50.6,0.8186
30/04/2004,18.00.00,4.2,1480.0,460.0,21.0,1324.0,215.0,622.0,122.0,2162.0,1623.0,20.8,54.4,1.3194
16/04/2004,20.00.00,6.0,1535.0,706.0,19.9,1295.0,307.0,627.0,140.0,2039.0,1380.0,13.8,78.0,1.2229
07/04/2004,20.00.00,3.3,1207.0,343.0,11.0,1013.0,174.0,876.0,116.0,1632.0,982.0,10.0,74.0,0.9087
30/04/2004,07.00.00,3.0,1458.0,345.0,18.3,1249.0,213.0,662.0,111.0,2033.0,1380.0,16.6,68.2,1.2737
08/04/2004,18.00.00,4.6,1408.0,808.0,24.0,1404.0,241.0,646.0,154.0,1972.0,1463.0,19.3,28.6,0.6357
26/03/2004,02.00.00,1.2,974.0,61.0,3.6,690.0,67.0,1208.0,83.0,1313.0,733.0,9.4,62.6,0.7398
12/04/2004,12.00.00,1.1,1004.0,64.0,2.8,641.0,85.0,1201.0,71.0,1305.0,557.0,12.1,60.5,0.8505
12/04/2004,08.00.00,0.6,922.0,39.0,1.5,541.0,45.0,1453.0,57.0,1246.0,432.0,13.3,53.6,0.8169
24/04/2004,16.00.00,1.9,1278.0,205.0,10.7,1003.0,99.0,845.0,95.0,1691.0,909.0,27.0,31.8,1.1176
23/03/2004,16.00.00,2.0,1132.0,118.0,8.7,927.0,128.0,944.0,100.0,1570.0,781.0,12.0,61.1,0.8537
29/04/2004,00.00.00,1.5,1128.0,117.0,7.8,891.0,88.0,838.0,89.0,1574.0,1125.0,17.4,55.6,1.0963
25/04/2004,07.00.00,0.6,830.0,41.0,1.4,535.0,42.0,1496.0,50.0,1184.0,375.0,13.5,48.6,0.7487
07/04/2004,11.00.00,1.5,1016.0,110.0,6.6,839.0,119.0,991.0,97.0,1448.0,790.0,16.6,44.3,0.8294
24/04/2004,11.00.00,2.6,1354.0,358.0,14.4,1130.0,139.0,765.0,114.0,1808.0,1291.0,26.8,29.5,1.0209
10/04/2004,00.00.00,1.3,1047.0,77.0,5.4,783.0,83.0,1014.0,79.0,1449.0,975.0,12.0,66.9,0.9336
13/03/2004,11.00.00,4.1,1542.0,283.0,16.1,1184.0,296.0,808.0,158.0,1780.0,1583.0,15.6,42.2,0.7451
07/04/2004,10.00.00,1.6,1087.0,196.0,7.4,876.0,112.0,911.0,96.0,1554.0,737.0,16.1,53.1,0.9675
12/04/2004,06.00.00,0.4,835.0,23.0,0.7,472.0,33.0,1756.0,49.0,1117.0,314.0,13.9,43.6,0.6871
27/04/2004,11.00.00,1.7,1066.0,128.0,8.8,931.0,118.0,979.0,81.0,1474.0,757.0,24.8,25.3,0.7793
26/03/2004,12.00.00,2.0,1099.0,181.0,11.0,1014.0,112.0,948.0,97.0,1503.0,868.0,19.2,27.1,0.5976
11/03/2004,17.00.00,2.9,1383.0,150.0,11.2,1020.0,243.0,1008.0,135.0,1719.0,1104.0,9.8,67.6,0.8185
29/03/2004,05.00.00,0.7,898.0,33.0,1.7,559.0,55.0,1441.0,70.0,1180.0,648.0,10.1,51.2,0.6341
06/04/2004,18.00.00,3.0,1268.0,470.0,15.0,1148.0,159.0,728.0,120.0,1776.0,1006.0,16.8,44.3,0.8428
18/03/2004,01.00.00,1.4,1161.0,70.0,8.1,904.0,92.0,947.0,107.0,1502.0,1240.0,14.3,55.4,0.8975
27/03/2004,14.00.00,2.5,1157.0,305.0,12.6,1072.0,137.0,888.0,114.0,1596.0,905.0,17.7,28.6,0.5735
23/03/2004,18.00.00,1.9,1065.0,151.0,9.3,953.0,107.0,962.0,97.0,1514.0,790.0,13.7,49.5,0.7695
01/04/2004,09.00.00,4.6,1512.0,737.0,21.0,1323.0,304.0,631.0,139.0,2001.0,1677.0,16.2,48.6,0.8892
02/04/2004,18.00.00,4.5,1491.0,721.0,23.3,1385.0,223.0,685.0,165.0,1915.0,1486.0,24.3,30.1,0.9012
08/04/2004,05.00.00,0.8,869.0,68.0,2.8,642.0,69.0,1291.0,62.0,1288.0,723.0,8.1,72.1,0.7798
30/03/2004,13.00.00,3.4,1373.0,546.0,17.1,1213.0,200.0,791.0,128.0,1711.0,1354.0,22.4,20.0,0.5352
28/04/2004,11.00.00,2.8,1364.0,386.0,16.8,1205.0,196.0,723.0,139.0,1850.0,1566.0,26.7,28.7,0.9895
28/03/2004,23.00.00,1.1,942.0,57.0,2.9,648.0,63.0,1300.0,77.0,1204.0,500.0,11.5,46.6,0.6319
23/04/2004,13.00.00,3.0,1326.0,468.0,18.9,1265.0,160.0,757.0,136.0,1835.0,1246.0,29.2,21.5,0.8573
16/03/2004,17.00.00,2.9,1389.0,199.0,15.8,1173.0,190.0,898.0,133.0,1739.0,1363.0,28.0,19.1,0.7098
23/04/2004,15.00.00,4.4,1460.0,682.0,25.3,1438.0,260.0,680.0,196.0,1953.0,1489.0,30.0,19.4,0.81
15/03/2004,08.00.00,5.5,1797.0,336.0,25.9,1451.0,360.0,652.0,114.0,2323.0,1680.0,12.4,63.9,0.917
31/03/2004,19.00.00,2.7,1254.0,226.0,11.5,1033.0,142.0,819.0,107.0,1669.0,1068.0,14.3,52.9,0.8581
14/03/2004,18.00.00,2.5,1478.0,122.0,12.2,1055.0,160.0,929.0,121.0,1671.0,1262.0,19.7,36.7,0.8307
06/04/2004,17.00.00,2.7,1251.0,456.0,14.0,1116.0,143.0,760.0,116.0,1716.0,923.0,17.5,40.6,0.8068
29/03/2004,22.00.00,1.1,930.0,58.0,4.0,710.0,61.0,1278.0,82.0,1137.0,509.0,13.5,28.5,0.4405
24/03/2004,20.00.00,3.5,1273.0,458.0,14.4,1130.0,190.0,795.0,136.0,1744.0,1071.0,10.8,65.7,0.8486
07/04/2004,01.00.00,0.7,889.0,49.0,2.3,603.0,35.0,1308.0,46.0,1271.0,455.0,15.6,44.9,0.792
16/03/2004,08.00.00,3.4,1541.0,218.0,16.2,1185.0,263.0,770.0,97.0,1889.0,1407.0,11.7,63.7,0.8719
15/04/2004,11.00.00,3.8,1454.0,460.0,17.5,1225.0,299.0,661.0,135.0,1809.0,1654.0,17.1,42.1,0.812
11/03/2004,16.00.00,2.2,1292.0,95.0,8.3,912.0,193.0,1103.0,131.0,1591.0,957.0,9.7,71.2,0.8569
25/04/2004,08.00.00,0.6,833.0,40.0,1.6,553.0,40.0,1476.0,45.0,1180.0,373.0,14.4,45.9,0.7476
14/03/2004,00.00.00,2.9,1534.0,93.0,11.0,1013.0,190.0,889.0,129.0,1611.0,1535.0,13.9,53.6,0.8498
15/03/2004,15.00.00,2.5,1317.0,185.0,12.1,1053.0,153.0,926.0,104.0,1707.0,1137.0,24.4,28.9,0.8736
27/03/2004,08.00.00,1.5,1124.0,78.0,6.7,842.0,98.0,1050.0,71.0,1418.0,936.0,7.2,63.9,0.65
05/04/2004,17.00.00,3.2,1457.0,458.0,16.3,1190.0,160.0,678.0,111.0,1877.0,1212.0,20.3,42.8,1.0053
15/03/2004,11.00.00,4.2,1564.0,334.0,20.1,1300.0,319.0,710.0,155.0,2029.0,1798.0,19.8,38.5,0.8801
